<?xml version="1.0" encoding="UTF-8"?>
<project-private xmlns="http://www.netbeans.org/ns/project-private/1">
    <editor-bookmarks xmlns="http://www.netbeans.org/ns/editor-bookmarks/2" lastBookmarkId="0"/>
    <open-files xmlns="http://www.netbeans.org/ns/projectui-open-files/2">
        <group>
            <file>file:/C:/Users/Prashant%20Varshney/Documents/NetBeansProjects/Case2final/src/Case2/OCR.java</file>
            <file>file:/C:/Users/Prashant%20Varshney/Documents/NetBeansProjects/Case2final/src/Case2/Read_File.java</file>
            <file>file:/C:/Users/Prashant%20Varshney/Documents/NetBeansProjects/Case2final/src/Case2/Main.java</file>
            <file>file:/C:/Users/Prashant%20Varshney/Documents/NetBeansProjects/Case2final/src/Case2/ReadId.java</file>
            <file>file:/C:/Users/Prashant%20Varshney/Documents/NetBeansProjects/Case2final/src/Case2/WriteExcel.java</file>
            <file>file:/C:/Users/Prashant%20Varshney/Documents/NetBeansProjects/Case2final/src/Case2/ReadExcel.java</file>
            <file>file:/C:/Users/Prashant%20Varshney/Documents/NetBeansProjects/Case2final/src/Case2/SyncPipe.java</file>
        </group>
    </open-files>
</project-private>
